 {
    "1": {
        "code": "GALR210214",
        "name": "Gale Reef",
        "length": "4 days / 3 nights",
        "start": "2021-02-14T08:00:00Z",
        "resort": "Emerald Bay, 3 stars",
        "perPerson": "799.00",
        "image": "images/reef1.jpg",
        "description": "<p>Sed et augue lorem. In sit amet placerat arcu. Mauris volutpat ipsum ac justo mollis vel vestibulum orci gravida. Vestibulum sit amet porttitor odio. Nulla facilisi. Fusce at pretium felis.</p>"        
    },

    "2": {
        "code": "DAWR210214",
        "name": "Dawson's Reef",
        "length": "4 days / 3 nights",
        "start": "2021-02-14T08:00:00Z",
        "resort": "Emerald Bay, 3 stars",
        "perPerson": "799.00",
        "image": "images/reef2.jpg",
        "description": "<p>Integer magna leo, posuere et dignissim vitae, porttitor at odio. Pellentesque a metus nec magna placerat volutpat. Nunc nisi mi, elementum sit amet aliquet quis, tristique quis nisl. Curabitur odio lacus, blandit ut hendrerit.</p>"

    },

    "3": {
        "code": "CLARE210214",
        "name": "Claire's Reef",
        "length": "4 days / 3 nights",
        "start": "2021-02-14T08:00:00Z",
        "resort": "Emerald Bay, 3 stars",
        "perPerson": "799.00",
        "image": "images/reef3.jpg",
        "description":"<p>Donec sed felis risus. Nulla facilisi. Donec a orci tellus, et auctor odio. Fusce ac orci nibh, quis semper arcu. Cras orci neque, euismod et accumsan ac, sagittis molestie lorem. Proin odio sapien, elementum at tempor non.</p>"
    }
}
