[
    {
        "name": "Gale Reef",
        "image": "images/reef1.jpg",
        "description": "<p>Sed et augue lorem. In sit amet placerat arcu. Mauris volutpat ipsum ac justo mollis vel vestibulum orci gravida. Vestibulum sit amet porttitor odio. Nulla facilisi. Fusce at pretium felis.</p>"        
    },
    {
        "name": "Dawson's Reef",
        "image": "images/reef2.jpg",
        "description": "<p>Integer magna leo, posuere et dignissim vitae, porttitor at odio. Pellentesque a metus nec magna placerat volutpat. Nunc nisi mi, elementum sit amet aliquet quis, tristique quis nisl. Curabitur odio lacus, blandit ut hendrerit.</p>"

    },
    {
        "name": "Claire's Reef",
        "image": "images/reef3.jpg",
        "description":"<p>Donec sed felis risus. Nulla facilisi. Donec a orci tellus, et auctor odio. Fusce ac orci nibh, quis semper arcu. Cras orci neque, euismod et accumsan ac, sagittis molestie lorem. Proin odio sapien, elementum at tempor non.</p>"
    }
]